"ElogWB","ElogVA","labor_share","EWB_pc","EVA_pc","EPi_pc","Ew","workers","firms","markets","workeryears","firmyears","workers_per_firm","workers_per_market","firms_per_market","broad_market"
16.3674392296113,16.7202122628468,0.702736673147253,41.9850058350955,80.5607368263311,38.5757309912356,10.6803907026948,4124895,188376,1457,17455849,1945136,13.4841160898506,864.750272466066,64.1310314079065,"Midwest_Goods"
15.7184579863138,16.0385043722782,0.726115354731507,33.786974257129,79.7233289506262,45.9363546934972,10.5921755169145,7723804,571360,3899,31643497,6636190,8.23841509785682,599.30865530303,72.745625,"Midwest_Services"
16.2221067661558,16.5183285440376,0.743622490710283,49.6253513207035,98.3268020693318,48.7014507486283,10.7730689076049,2829881,144268,261,11543303,1498971,11.9107496259609,2991.26794506349,251.140191759523,"Northeast_Goods"
15.6641117680237,16.0168099480974,0.702789277177915,44.0418434085078,106.380481142475,62.3386377339676,10.723241148902,6662132,549064,739,28390782,6411649,7.87653517459958,2655.32940516274,337.118967452301,"Northeast_Services"
16.084942291513,16.2849794328015,0.81870034492758,40.0933633692313,76.037944531824,35.9445811625927,10.6370301365187,4819645,265374,1747,18066928,2497237,11.182493173001,732.433129282037,65.4981959703247,"South_Goods"
15.5981339447496,15.8765650982826,0.756970380692324,35.3908820739022,83.0727204055417,47.6818383316396,10.6064112429243,11904098,1018957,4766,50052742,10829661,7.90309863442569,761.53640872714,96.3592185740803,"South_Services"
16.229883277071,16.3636257379024,0.874815334808144,52.8544890533674,81.3748525311944,28.520363477827,10.7799729325518,3876182,215092,872,15513020,1940742,11.6236179503856,1318.12558416178,113.400628770499,"West_Goods"
15.6883706478709,16.00703868145,0.727116887636778,39.9682384823087,87.9584056585342,47.9901671762255,10.6973794864423,8321469,700618,2342,35324301,7404389,8.15973131603998,1123.68943249777,137.711572719175,"West_Services"
