"ElogWB","ElogVA","labor_share","EWB_pc","EVA_pc","EPi_pc","Ew","workers","firms","markets","workeryears","firmyears","workers_per_firm","workers_per_market","firms_per_market","broad_market"
16.8977828102736,17.3600066919858,0.629881305249856,43.6475227201453,91.1986607551234,47.5511380349782,10.7619302194386,9318707,294879,1508,42908008,1945136,22.0591300556876,2012.9483955714,91.2523925689623,"Midwest_Goods"
15.759532795866,16.17535253562,0.659799195330617,34.0542400230125,90.5047263123053,56.4504862892929,10.6132599397728,17314497,1051548,4092,69044540,6636190,10.4042440014526,1221.03314115941,117.359141230149,"Midwest_Services"
16.3886953807172,16.7996674212059,0.663005468650474,50.6934613893221,107.545252738537,56.8517913492149,10.8110643183006,6088530,232717,264,26699951,1498971,17.8121864932677,6856.69003595275,384.9437596302,"Northeast_Goods"
15.6231526616779,16.0402269493291,0.658971964646296,44.1949394557935,111.126271847549,66.9313323917556,10.7360144405713,15167028,1054944,744,62386621,6411649,9.73019904863788,5723.01816347124,588.170718282726,"Northeast_Services"
16.3820738992734,16.6753867272013,0.745788800636327,42.1723421014174,85.1521569271546,42.9798148257372,10.6984065269051,10215128,439641,1774,40312311,2497237,16.1427653843027,1586.34940185739,98.269990555643,"South_Goods"
15.5794108399581,15.9361734443417,0.699938640378039,35.7640437730022,94.2103362882382,58.4462925152359,10.6194086814555,26519284,1908178,4909,103227384,10829661,9.53191277178482,1492.7822301919,156.608884904051,"South_Services"
16.4043584084798,16.640664425731,0.789539024398265,52.9441612906971,91.6541936572774,38.7100323665805,10.8089320432307,7712759,329566,910,31585748,1940742,16.2750886001334,2539.25138676743,156.02074121714,"West_Goods"
15.6574995579629,16.06930595457,0.662452516692676,40.2664028801912,92.2914455497634,52.0250426695722,10.6959835136861,17949625,1314168,2492,71355046,7404389,9.63685808511681,2097.69067497648,217.673712370649,"West_Services"
